{"cameraMode":{"drawMode":0,"name":"Shaded","section":"Shading Mode"},"sceneLighting":false,"audioPlay":false,"sceneViewState":{"showFog":true,"showMaterialUpdate":false,"showSkybox":false,"showFlares":true,"showImageEffects":true,"showParticleSystems":true},"in2DMode":false,"pivot":{"x":3.725290298461914e-9,"y":0.00004999712109565735,"z":0.010292964987456799},"rotation":{"x":-0.41723114252090456,"y":0.05991079658269882,"z":-0.027575582265853883,"w":-0.9064041972160339},"size":0.14369584619998933,"orthographic":false}